timestamp,uni,n_demo_files
2025-12-10T17-38-25Z,darmstadt,0
2025-12-10T17-38-25Z,muenster,0
2025-12-10T17-38-25Z,twente,0
2025-12-10T17-38-25Z,iu,0
2025-12-10T17-38-25Z,ipn,0
2025-12-10T17-38-25Z,bamberg,0
2025-12-10T17-38-25Z,leipzig,0
2025-12-10T17-38-25Z,goettingen,0
2025-12-10T17-38-25Z,dresden,0
2025-12-10T17-38-25Z,hildesheim,0
2025-12-10T17-38-25Z,fu,0
2025-12-10T17-38-25Z,pavia,0
2025-12-10T17-38-25Z,hu,1
2025-12-10T17-38-25Z,tuebingen,0
2025-12-10T17-38-25Z,aachen,0
2025-12-10T17-38-25Z,lueneburg,0
2025-12-10T17-38-25Z,marburg,0
2025-12-10T17-38-25Z,ipu,0
2025-12-10T17-38-25Z,erfurt,0
2025-12-10T17-38-25Z,potsdam,0
2025-12-10T17-38-25Z,mannheim_kognitive_psychologie,0
2025-12-10T17-38-25Z,wuppertal,0
2025-12-10T20-32-43Z,Muenster,0
2025-12-10T20-32-43Z,Goettingen,0
2025-12-10T20-32-43Z,Tuebingen,0
2025-12-10T20-32-43Z,Lueneburg,0
2025-12-10T23-52-20Z,Darmstadt,0
2025-12-10T23-52-20Z,Twente,0
2025-12-10T23-52-20Z,IU,0
2025-12-10T23-52-20Z,IPN,0
2025-12-10T23-52-20Z,Bamberg,0
2025-12-10T23-52-20Z,Leipzig,0
2025-12-10T23-52-20Z,Dresden,0
2025-12-10T23-52-20Z,Hildesheim,0
2025-12-10T23-52-20Z,FU,0
2025-12-10T23-52-20Z,Pavia,0
2025-12-10T23-52-20Z,HU,2
2025-12-10T23-52-20Z,Aachen,0
2025-12-10T23-52-20Z,Marburg,0
2025-12-10T23-52-20Z,IPU,0
2025-12-10T23-52-20Z,Erfurt,0
2025-12-10T23-52-20Z,Potsdam,0
2025-12-10T23-52-20Z,Mannheim Kognitive Psychologie,0
2025-12-10T23-52-20Z,Wuppertal,0
2025-12-10T23-52-20Z,Münster,0
2025-12-10T23-52-20Z,Göttingen,0
2025-12-10T23-52-20Z,Tübingen,0
2025-12-10T23-52-20Z,Lüneburg,0
2025-12-11T23-53-18Z,Darmstadt,0
2025-12-11T23-53-18Z,Münster,0
2025-12-11T23-53-18Z,Twente,0
2025-12-11T23-53-18Z,IU,0
2025-12-11T23-53-18Z,IPN,0
2025-12-11T23-53-18Z,Bamberg,3
2025-12-11T23-53-18Z,Leipzig,0
2025-12-11T23-53-18Z,Göttingen,0
2025-12-11T23-53-18Z,Dresden,0
2025-12-11T23-53-18Z,Hildesheim,0
2025-12-11T23-53-18Z,FU,0
2025-12-11T23-53-18Z,Pavia,0
2025-12-11T23-53-18Z,HU,3
2025-12-11T23-53-18Z,Tübingen,0
2025-12-11T23-53-18Z,Aachen,0
2025-12-11T23-53-18Z,Lüneburg,0
2025-12-11T23-53-18Z,Marburg,0
2025-12-11T23-53-18Z,IPU,0
2025-12-11T23-53-18Z,Erfurt,0
2025-12-11T23-53-18Z,Potsdam,0
2025-12-11T23-53-18Z,Mannheim Kognitive Psychologie,0
2025-12-11T23-53-18Z,Wuppertal,0
2025-12-12T23-52-25Z,Darmstadt,6
2025-12-12T23-52-25Z,Münster,0
2025-12-12T23-52-25Z,Twente,0
2025-12-12T23-52-25Z,IU,0
2025-12-12T23-52-25Z,IPN,0
2025-12-12T23-52-25Z,Bamberg,4
2025-12-12T23-52-25Z,Leipzig,0
2025-12-12T23-52-25Z,Göttingen,0
2025-12-12T23-52-25Z,Dresden,1
2025-12-12T23-52-25Z,Hildesheim,0
2025-12-12T23-52-25Z,FU,0
2025-12-12T23-52-25Z,Pavia,0
2025-12-12T23-52-25Z,HU,5
2025-12-12T23-52-25Z,Tübingen,0
2025-12-12T23-52-25Z,Aachen,4
2025-12-12T23-52-25Z,Lüneburg,0
2025-12-12T23-52-25Z,Marburg,0
2025-12-12T23-52-25Z,IPU,0
2025-12-12T23-52-25Z,Erfurt,0
2025-12-12T23-52-25Z,Potsdam,0
2025-12-12T23-52-25Z,Mannheim Kognitive Psychologie,0
2025-12-12T23-52-25Z,Wuppertal,0
2025-12-13T23-52-15Z,Darmstadt,11
2025-12-13T23-52-15Z,Münster,0
2025-12-13T23-52-15Z,Twente,0
2025-12-13T23-52-15Z,IU,0
2025-12-13T23-52-15Z,IPN,0
2025-12-13T23-52-15Z,Bamberg,5
2025-12-13T23-52-15Z,Leipzig,0
2025-12-13T23-52-15Z,Göttingen,0
2025-12-13T23-52-15Z,Dresden,1
2025-12-13T23-52-15Z,Hildesheim,0
2025-12-13T23-52-15Z,FU,0
2025-12-13T23-52-15Z,Pavia,0
2025-12-13T23-52-15Z,HU,5
2025-12-13T23-52-15Z,Tübingen,0
2025-12-13T23-52-15Z,Aachen,5
2025-12-13T23-52-15Z,Lüneburg,0
2025-12-13T23-52-15Z,Marburg,0
2025-12-13T23-52-15Z,IPU,0
2025-12-13T23-52-15Z,Erfurt,0
2025-12-13T23-52-15Z,Potsdam,0
2025-12-13T23-52-15Z,Mannheim Kognitive Psychologie,0
2025-12-13T23-52-15Z,Wuppertal,0
2025-12-14T23-52-16Z,Darmstadt,20
2025-12-14T23-52-16Z,Münster,0
2025-12-14T23-52-16Z,Twente,0
2025-12-14T23-52-16Z,IU,0
2025-12-14T23-52-16Z,IPN,0
2025-12-14T23-52-16Z,Bamberg,7
2025-12-14T23-52-16Z,Leipzig,0
2025-12-14T23-52-16Z,Göttingen,0
2025-12-14T23-52-16Z,Dresden,1
2025-12-14T23-52-16Z,Hildesheim,0
2025-12-14T23-52-16Z,FU,0
2025-12-14T23-52-16Z,Pavia,0
2025-12-14T23-52-16Z,HU,11
2025-12-14T23-52-16Z,Tübingen,0
2025-12-14T23-52-16Z,Aachen,5
2025-12-14T23-52-16Z,Lüneburg,0
2025-12-14T23-52-16Z,Marburg,0
2025-12-14T23-52-16Z,IPU,0
2025-12-14T23-52-16Z,Erfurt,0
2025-12-14T23-52-16Z,Potsdam,0
2025-12-14T23-52-16Z,Mannheim Kognitive Psychologie,0
2025-12-14T23-52-16Z,Wuppertal,0
2025-12-15T23-53-03Z,Darmstadt,28
2025-12-15T23-53-03Z,Münster,0
2025-12-15T23-53-03Z,Twente,0
2025-12-15T23-53-03Z,IU,0
2025-12-15T23-53-03Z,IPN,0
2025-12-15T23-53-03Z,Bamberg,9
2025-12-15T23-53-03Z,Leipzig,0
2025-12-15T23-53-03Z,Göttingen,0
2025-12-15T23-53-03Z,Dresden,1
2025-12-15T23-53-03Z,Hildesheim,0
2025-12-15T23-53-03Z,FU,0
2025-12-15T23-53-03Z,Pavia,0
2025-12-15T23-53-03Z,HU,13
2025-12-15T23-53-03Z,Tübingen,0
2025-12-15T23-53-03Z,Aachen,8
2025-12-15T23-53-03Z,Lüneburg,0
2025-12-15T23-53-03Z,Marburg,0
2025-12-15T23-53-03Z,IPU,0
2025-12-15T23-53-03Z,Erfurt,0
2025-12-15T23-53-03Z,Potsdam,0
2025-12-15T23-53-03Z,Mannheim Kognitive Psychologie,0
2025-12-15T23-53-03Z,Wuppertal,0
2025-12-16T23-52-29Z,Darmstadt,29
2025-12-16T23-52-29Z,Münster,0
2025-12-16T23-52-29Z,Twente,0
2025-12-16T23-52-29Z,IU,0
2025-12-16T23-52-29Z,IPN,0
2025-12-16T23-52-29Z,Bamberg,11
2025-12-16T23-52-29Z,Leipzig,0
2025-12-16T23-52-29Z,Göttingen,0
2025-12-16T23-52-29Z,Dresden,1
2025-12-16T23-52-29Z,Hildesheim,0
2025-12-16T23-52-29Z,FU,0
2025-12-16T23-52-29Z,Pavia,0
2025-12-16T23-52-29Z,HU,15
2025-12-16T23-52-29Z,Tübingen,0
2025-12-16T23-52-29Z,Aachen,12
2025-12-16T23-52-29Z,Lüneburg,0
2025-12-16T23-52-29Z,Marburg,0
2025-12-16T23-52-29Z,IPU,0
2025-12-16T23-52-29Z,Erfurt,0
2025-12-16T23-52-29Z,Potsdam,0
2025-12-16T23-52-29Z,Mannheim Kognitive Psychologie,0
2025-12-16T23-52-29Z,Wuppertal,4
2025-12-17T23-53-38Z,Darmstadt,31
2025-12-17T23-53-38Z,Münster,0
2025-12-17T23-53-38Z,Twente,0
2025-12-17T23-53-38Z,IU,0
2025-12-17T23-53-38Z,IPN,0
2025-12-17T23-53-38Z,Bamberg,11
2025-12-17T23-53-38Z,Leipzig,0
2025-12-17T23-53-38Z,Göttingen,0
2025-12-17T23-53-38Z,Dresden,3
2025-12-17T23-53-38Z,Hildesheim,0
2025-12-17T23-53-38Z,FU,0
2025-12-17T23-53-38Z,Pavia,0
2025-12-17T23-53-38Z,HU,16
2025-12-17T23-53-38Z,Tübingen,0
2025-12-17T23-53-38Z,Aachen,14
2025-12-17T23-53-38Z,Lüneburg,0
2025-12-17T23-53-38Z,Marburg,0
2025-12-17T23-53-38Z,IPU,0
2025-12-17T23-53-38Z,Erfurt,0
2025-12-17T23-53-38Z,Potsdam,0
2025-12-17T23-53-38Z,Mannheim Kognitive Psychologie,0
2025-12-17T23-53-38Z,Wuppertal,7
2025-12-18T23-52-31Z,Darmstadt,32
2025-12-18T23-52-31Z,Münster,0
2025-12-18T23-52-31Z,Twente,0
2025-12-18T23-52-31Z,IU,0
2025-12-18T23-52-31Z,IPN,0
2025-12-18T23-52-31Z,Bamberg,13
2025-12-18T23-52-31Z,Leipzig,0
2025-12-18T23-52-31Z,Göttingen,0
2025-12-18T23-52-31Z,Dresden,4
2025-12-18T23-52-31Z,Hildesheim,0
2025-12-18T23-52-31Z,FU,0
2025-12-18T23-52-31Z,Pavia,0
2025-12-18T23-52-31Z,HU,22
2025-12-18T23-52-31Z,Tübingen,0
2025-12-18T23-52-31Z,Aachen,17
2025-12-18T23-52-31Z,Lüneburg,0
2025-12-18T23-52-31Z,Marburg,0
2025-12-18T23-52-31Z,IPU,0
2025-12-18T23-52-31Z,Erfurt,0
2025-12-18T23-52-31Z,Potsdam,0
2025-12-18T23-52-31Z,Mannheim Kognitive Psychologie,0
2025-12-18T23-52-31Z,Wuppertal,9
2025-12-19T23-52-14Z,Darmstadt,33
2025-12-19T23-52-14Z,Münster,0
2025-12-19T23-52-14Z,Twente,2
2025-12-19T23-52-14Z,IU,0
2025-12-19T23-52-14Z,IPN,0
2025-12-19T23-52-14Z,Bamberg,13
2025-12-19T23-52-14Z,Leipzig,0
2025-12-19T23-52-14Z,Göttingen,0
2025-12-19T23-52-14Z,Dresden,4
2025-12-19T23-52-14Z,Hildesheim,0
2025-12-19T23-52-14Z,FU,0
2025-12-19T23-52-14Z,Pavia,0
2025-12-19T23-52-14Z,HU,24
2025-12-19T23-52-14Z,Tübingen,0
2025-12-19T23-52-14Z,Aachen,25
2025-12-19T23-52-14Z,Lüneburg,0
2025-12-19T23-52-14Z,Marburg,0
2025-12-19T23-52-14Z,IPU,0
2025-12-19T23-52-14Z,Erfurt,0
2025-12-19T23-52-14Z,Potsdam,0
2025-12-19T23-52-14Z,Mannheim Kognitive Psychologie,0
2025-12-19T23-52-14Z,Wuppertal,11
2025-12-19T23-52-14Z,Frankfurt Sona,0
2025-12-19T23-52-14Z,Frankfurt Prolific,0
2025-12-20T23-52-24Z,Darmstadt,33
2025-12-20T23-52-24Z,Münster,0
2025-12-20T23-52-24Z,Twente,2
2025-12-20T23-52-24Z,IU,0
2025-12-20T23-52-24Z,IPN,0
2025-12-20T23-52-24Z,Bamberg,13
2025-12-20T23-52-24Z,Leipzig,0
2025-12-20T23-52-24Z,Göttingen,0
2025-12-20T23-52-24Z,Dresden,5
2025-12-20T23-52-24Z,Hildesheim,0
2025-12-20T23-52-24Z,FU,0
2025-12-20T23-52-24Z,Pavia,0
2025-12-20T23-52-24Z,HU,27
2025-12-20T23-52-24Z,Tübingen,0
2025-12-20T23-52-24Z,Aachen,29
2025-12-20T23-52-24Z,Lüneburg,0
2025-12-20T23-52-24Z,Marburg,0
2025-12-20T23-52-24Z,IPU,0
2025-12-20T23-52-24Z,Erfurt,0
2025-12-20T23-52-24Z,Potsdam,0
2025-12-20T23-52-24Z,Mannheim Kognitive Psychologie,0
2025-12-20T23-52-24Z,Wuppertal,11
2025-12-20T23-52-24Z,Frankfurt Sona,0
2025-12-20T23-52-24Z,Frankfurt Prolific,0
2025-12-21T23-52-19Z,Darmstadt,35
2025-12-21T23-52-19Z,Münster,0
2025-12-21T23-52-19Z,Twente,2
2025-12-21T23-52-19Z,IU,0
2025-12-21T23-52-19Z,IPN,0
2025-12-21T23-52-19Z,Bamberg,13
2025-12-21T23-52-19Z,Leipzig,0
2025-12-21T23-52-19Z,Göttingen,0
2025-12-21T23-52-19Z,Dresden,6
2025-12-21T23-52-19Z,Hildesheim,0
2025-12-21T23-52-19Z,FU,0
2025-12-21T23-52-19Z,Pavia,0
2025-12-21T23-52-19Z,HU,28
2025-12-21T23-52-19Z,Tübingen,0
2025-12-21T23-52-19Z,Aachen,36
2025-12-21T23-52-19Z,Lüneburg,0
2025-12-21T23-52-19Z,Marburg,0
2025-12-21T23-52-19Z,IPU,0
2025-12-21T23-52-19Z,Erfurt,0
2025-12-21T23-52-19Z,Potsdam,0
2025-12-21T23-52-19Z,Mannheim Kognitive Psychologie,0
2025-12-21T23-52-19Z,Wuppertal,12
2025-12-21T23-52-19Z,Frankfurt Sona,0
2025-12-21T23-52-19Z,Frankfurt Prolific,0
2025-12-22T23-52-56Z,Darmstadt,38
2025-12-22T23-52-56Z,Münster,0
2025-12-22T23-52-56Z,Twente,4
2025-12-22T23-52-56Z,IU,0
2025-12-22T23-52-56Z,IPN,0
2025-12-22T23-52-56Z,Bamberg,13
2025-12-22T23-52-56Z,Leipzig,0
2025-12-22T23-52-56Z,Göttingen,0
2025-12-22T23-52-56Z,Dresden,7
2025-12-22T23-52-56Z,Hildesheim,0
2025-12-22T23-52-56Z,FU,0
2025-12-22T23-52-56Z,Pavia,0
2025-12-22T23-52-56Z,HU,30
2025-12-22T23-52-56Z,Tübingen,0
2025-12-22T23-52-56Z,Aachen,36
2025-12-22T23-52-56Z,Lüneburg,0
2025-12-22T23-52-56Z,Marburg,0
2025-12-22T23-52-56Z,IPU,0
2025-12-22T23-52-56Z,Erfurt,0
2025-12-22T23-52-56Z,Potsdam,0
2025-12-22T23-52-56Z,Mannheim Kognitive Psychologie,0
2025-12-22T23-52-56Z,Wuppertal,14
2025-12-22T23-52-56Z,Frankfurt Sona,0
2025-12-22T23-52-56Z,Frankfurt Prolific,0
2025-12-23T23-52-07Z,Darmstadt,38
2025-12-23T23-52-07Z,Münster,0
2025-12-23T23-52-07Z,Twente,4
2025-12-23T23-52-07Z,IU,0
2025-12-23T23-52-07Z,IPN,0
2025-12-23T23-52-07Z,Bamberg,13
2025-12-23T23-52-07Z,Leipzig,0
2025-12-23T23-52-07Z,Göttingen,0
2025-12-23T23-52-07Z,Dresden,7
2025-12-23T23-52-07Z,Hildesheim,0
2025-12-23T23-52-07Z,FU,0
2025-12-23T23-52-07Z,Pavia,0
2025-12-23T23-52-07Z,HU,31
2025-12-23T23-52-07Z,Tübingen,0
2025-12-23T23-52-07Z,Aachen,36
2025-12-23T23-52-07Z,Lüneburg,0
2025-12-23T23-52-07Z,Marburg,0
2025-12-23T23-52-07Z,IPU,0
2025-12-23T23-52-07Z,Erfurt,0
2025-12-23T23-52-07Z,Potsdam,0
2025-12-23T23-52-07Z,Mannheim Kognitive Psychologie,0
2025-12-23T23-52-07Z,Wuppertal,14
2025-12-23T23-52-07Z,Frankfurt Sona,0
2025-12-23T23-52-07Z,Frankfurt Prolific,0
2025-12-24T23-51-54Z,Darmstadt,38
2025-12-24T23-51-54Z,Münster,0
2025-12-24T23-51-54Z,Twente,4
2025-12-24T23-51-54Z,IU,0
2025-12-24T23-51-54Z,IPN,0
2025-12-24T23-51-54Z,Bamberg,13
2025-12-24T23-51-54Z,Leipzig,0
2025-12-24T23-51-54Z,Göttingen,0
2025-12-24T23-51-54Z,Dresden,7
2025-12-24T23-51-54Z,Hildesheim,0
2025-12-24T23-51-54Z,FU,0
2025-12-24T23-51-54Z,Pavia,0
2025-12-24T23-51-54Z,HU,32
2025-12-24T23-51-54Z,Tübingen,0
2025-12-24T23-51-54Z,Aachen,36
2025-12-24T23-51-54Z,Lüneburg,0
2025-12-24T23-51-54Z,Marburg,0
2025-12-24T23-51-54Z,IPU,0
2025-12-24T23-51-54Z,Erfurt,0
2025-12-24T23-51-54Z,Potsdam,0
2025-12-24T23-51-54Z,Mannheim Kognitive Psychologie,0
2025-12-24T23-51-54Z,Wuppertal,14
2025-12-24T23-51-54Z,Frankfurt Sona,0
2025-12-24T23-51-54Z,Frankfurt Prolific,0
2025-12-25T23-52-42Z,Darmstadt,38
2025-12-25T23-52-42Z,Münster,0
2025-12-25T23-52-42Z,Twente,4
2025-12-25T23-52-42Z,IU,0
2025-12-25T23-52-42Z,IPN,0
2025-12-25T23-52-42Z,Bamberg,13
2025-12-25T23-52-42Z,Leipzig,0
2025-12-25T23-52-42Z,Göttingen,0
2025-12-25T23-52-42Z,Dresden,7
2025-12-25T23-52-42Z,Hildesheim,0
2025-12-25T23-52-42Z,FU,0
2025-12-25T23-52-42Z,Pavia,0
2025-12-25T23-52-42Z,HU,32
2025-12-25T23-52-42Z,Tübingen,0
2025-12-25T23-52-42Z,Aachen,36
2025-12-25T23-52-42Z,Lüneburg,0
2025-12-25T23-52-42Z,Marburg,0
2025-12-25T23-52-42Z,IPU,0
2025-12-25T23-52-42Z,Erfurt,0
2025-12-25T23-52-42Z,Potsdam,0
2025-12-25T23-52-42Z,Mannheim Kognitive Psychologie,0
2025-12-25T23-52-42Z,Wuppertal,14
2025-12-25T23-52-42Z,Frankfurt Sona,0
2025-12-25T23-52-42Z,Frankfurt Prolific,0
2025-12-26T23-53-02Z,Darmstadt,39
2025-12-26T23-53-02Z,Münster,0
2025-12-26T23-53-02Z,Twente,4
2025-12-26T23-53-02Z,IU,0
2025-12-26T23-53-02Z,IPN,0
2025-12-26T23-53-02Z,Bamberg,13
2025-12-26T23-53-02Z,Leipzig,0
2025-12-26T23-53-02Z,Göttingen,0
2025-12-26T23-53-02Z,Dresden,8
2025-12-26T23-53-02Z,Hildesheim,0
2025-12-26T23-53-02Z,FU,0
2025-12-26T23-53-02Z,Pavia,0
2025-12-26T23-53-02Z,HU,32
2025-12-26T23-53-02Z,Tübingen,0
2025-12-26T23-53-02Z,Aachen,36
2025-12-26T23-53-02Z,Lüneburg,0
2025-12-26T23-53-02Z,Marburg,0
2025-12-26T23-53-02Z,IPU,0
2025-12-26T23-53-02Z,Erfurt,0
2025-12-26T23-53-02Z,Potsdam,0
2025-12-26T23-53-02Z,Mannheim Kognitive Psychologie,0
2025-12-26T23-53-02Z,Wuppertal,15
2025-12-26T23-53-02Z,Frankfurt Sona,0
2025-12-26T23-53-02Z,Frankfurt Prolific,0
2025-12-27T23-52-06Z,Darmstadt,39
2025-12-27T23-52-06Z,Münster,0
2025-12-27T23-52-06Z,Twente,4
2025-12-27T23-52-06Z,IU,0
2025-12-27T23-52-06Z,IPN,0
2025-12-27T23-52-06Z,Bamberg,13
2025-12-27T23-52-06Z,Leipzig,0
2025-12-27T23-52-06Z,Göttingen,0
2025-12-27T23-52-06Z,Dresden,8
2025-12-27T23-52-06Z,Hildesheim,0
2025-12-27T23-52-06Z,FU,0
2025-12-27T23-52-06Z,Pavia,0
2025-12-27T23-52-06Z,HU,33
2025-12-27T23-52-06Z,Tübingen,0
2025-12-27T23-52-06Z,Aachen,36
2025-12-27T23-52-06Z,Lüneburg,0
2025-12-27T23-52-06Z,Marburg,0
2025-12-27T23-52-06Z,IPU,0
2025-12-27T23-52-06Z,Erfurt,0
2025-12-27T23-52-06Z,Potsdam,0
2025-12-27T23-52-06Z,Mannheim Kognitive Psychologie,0
2025-12-27T23-52-06Z,Wuppertal,17
2025-12-27T23-52-06Z,Frankfurt Sona,0
2025-12-27T23-52-06Z,Frankfurt Prolific,0
2025-12-28T23-52-30Z,Darmstadt,39
2025-12-28T23-52-30Z,Münster,0
2025-12-28T23-52-30Z,Twente,4
2025-12-28T23-52-30Z,IU,0
2025-12-28T23-52-30Z,IPN,0
2025-12-28T23-52-30Z,Bamberg,13
2025-12-28T23-52-30Z,Leipzig,0
2025-12-28T23-52-30Z,Göttingen,0
2025-12-28T23-52-30Z,Dresden,8
2025-12-28T23-52-30Z,Hildesheim,0
2025-12-28T23-52-30Z,FU,0
2025-12-28T23-52-30Z,Pavia,0
2025-12-28T23-52-30Z,HU,35
2025-12-28T23-52-30Z,Tübingen,0
2025-12-28T23-52-30Z,Aachen,36
2025-12-28T23-52-30Z,Lüneburg,0
2025-12-28T23-52-30Z,Marburg,0
2025-12-28T23-52-30Z,IPU,0
2025-12-28T23-52-30Z,Erfurt,0
2025-12-28T23-52-30Z,Potsdam,0
2025-12-28T23-52-30Z,Mannheim Kognitive Psychologie,0
2025-12-28T23-52-30Z,Wuppertal,18
2025-12-28T23-52-30Z,Frankfurt Sona,0
2025-12-28T23-52-30Z,Frankfurt Prolific,0
2025-12-29T23-52-53Z,Darmstadt,39
2025-12-29T23-52-53Z,Münster,0
2025-12-29T23-52-53Z,Twente,4
2025-12-29T23-52-53Z,IU,0
2025-12-29T23-52-53Z,IPN,0
2025-12-29T23-52-53Z,Bamberg,14
2025-12-29T23-52-53Z,Leipzig,0
2025-12-29T23-52-53Z,Göttingen,0
2025-12-29T23-52-53Z,Dresden,9
2025-12-29T23-52-53Z,Hildesheim,0
2025-12-29T23-52-53Z,FU,0
2025-12-29T23-52-53Z,Pavia,0
2025-12-29T23-52-53Z,HU,39
2025-12-29T23-52-53Z,Tübingen,0
2025-12-29T23-52-53Z,Aachen,36
2025-12-29T23-52-53Z,Lüneburg,0
2025-12-29T23-52-53Z,Marburg,0
2025-12-29T23-52-53Z,IPU,0
2025-12-29T23-52-53Z,Erfurt,0
2025-12-29T23-52-53Z,Potsdam,0
2025-12-29T23-52-53Z,Mannheim Kognitive Psychologie,0
2025-12-29T23-52-53Z,Wuppertal,18
2025-12-29T23-52-53Z,Frankfurt Sona,0
2025-12-29T23-52-53Z,Frankfurt Prolific,0
2025-12-30T23-52-11Z,Darmstadt,40
2025-12-30T23-52-11Z,Münster,0
2025-12-30T23-52-11Z,Twente,4
2025-12-30T23-52-11Z,IU,0
2025-12-30T23-52-11Z,IPN,0
2025-12-30T23-52-11Z,Bamberg,14
2025-12-30T23-52-11Z,Leipzig,0
2025-12-30T23-52-11Z,Göttingen,0
2025-12-30T23-52-11Z,Dresden,9
2025-12-30T23-52-11Z,Hildesheim,0
2025-12-30T23-52-11Z,FU,0
2025-12-30T23-52-11Z,Pavia,0
2025-12-30T23-52-11Z,HU,42
2025-12-30T23-52-11Z,Tübingen,0
2025-12-30T23-52-11Z,Aachen,37
2025-12-30T23-52-11Z,Lüneburg,0
2025-12-30T23-52-11Z,Marburg,0
2025-12-30T23-52-11Z,IPU,0
2025-12-30T23-52-11Z,Erfurt,0
2025-12-30T23-52-11Z,Potsdam,0
2025-12-30T23-52-11Z,Mannheim Kognitive Psychologie,0
2025-12-30T23-52-11Z,Wuppertal,18
2025-12-30T23-52-11Z,Frankfurt Sona,0
2025-12-30T23-52-11Z,Frankfurt Prolific,0
2025-12-31T23-53-04Z,Darmstadt,40
2025-12-31T23-53-04Z,Münster,0
2025-12-31T23-53-04Z,Twente,4
2025-12-31T23-53-04Z,IU,0
2025-12-31T23-53-04Z,IPN,0
2025-12-31T23-53-04Z,Bamberg,14
2025-12-31T23-53-04Z,Leipzig,0
2025-12-31T23-53-04Z,Göttingen,0
2025-12-31T23-53-04Z,Dresden,9
2025-12-31T23-53-04Z,Hildesheim,0
2025-12-31T23-53-04Z,FU,0
2025-12-31T23-53-04Z,Pavia,0
2025-12-31T23-53-04Z,HU,43
2025-12-31T23-53-04Z,Tübingen,0
2025-12-31T23-53-04Z,Aachen,37
2025-12-31T23-53-04Z,Lüneburg,0
2025-12-31T23-53-04Z,Marburg,0
2025-12-31T23-53-04Z,IPU,0
2025-12-31T23-53-04Z,Erfurt,0
2025-12-31T23-53-04Z,Potsdam,0
2025-12-31T23-53-04Z,Mannheim Kognitive Psychologie,0
2025-12-31T23-53-04Z,Wuppertal,18
2025-12-31T23-53-04Z,Frankfurt Sona,0
2025-12-31T23-53-04Z,Frankfurt Prolific,0
2026-01-01T23-53-57Z,Darmstadt,40
2026-01-01T23-53-57Z,Münster,0
2026-01-01T23-53-57Z,Twente,4
2026-01-01T23-53-57Z,IU,0
2026-01-01T23-53-57Z,IPN,0
2026-01-01T23-53-57Z,Bamberg,14
2026-01-01T23-53-57Z,Leipzig,0
2026-01-01T23-53-57Z,Göttingen,0
2026-01-01T23-53-57Z,Dresden,10
2026-01-01T23-53-57Z,Hildesheim,0
2026-01-01T23-53-57Z,FU,0
2026-01-01T23-53-57Z,Pavia,0
2026-01-01T23-53-57Z,HU,45
2026-01-01T23-53-57Z,Tübingen,0
2026-01-01T23-53-57Z,Aachen,37
2026-01-01T23-53-57Z,Lüneburg,0
2026-01-01T23-53-57Z,Marburg,0
2026-01-01T23-53-57Z,IPU,0
2026-01-01T23-53-57Z,Erfurt,0
2026-01-01T23-53-57Z,Potsdam,0
2026-01-01T23-53-57Z,Mannheim Kognitive Psychologie,0
2026-01-01T23-53-57Z,Wuppertal,19
2026-01-01T23-53-57Z,Frankfurt Sona,0
2026-01-01T23-53-57Z,Frankfurt Prolific,0
2026-01-02T23-52-17Z,Darmstadt,43
2026-01-02T23-52-17Z,Münster,0
2026-01-02T23-52-17Z,Twente,4
2026-01-02T23-52-17Z,IU,0
2026-01-02T23-52-17Z,IPN,0
2026-01-02T23-52-17Z,Bamberg,14
2026-01-02T23-52-17Z,Leipzig,0
2026-01-02T23-52-17Z,Göttingen,0
2026-01-02T23-52-17Z,Dresden,10
2026-01-02T23-52-17Z,Hildesheim,0
2026-01-02T23-52-17Z,FU,0
2026-01-02T23-52-17Z,Pavia,0
2026-01-02T23-52-17Z,HU,47
2026-01-02T23-52-17Z,Tübingen,0
2026-01-02T23-52-17Z,Aachen,39
2026-01-02T23-52-17Z,Lüneburg,0
2026-01-02T23-52-17Z,Marburg,0
2026-01-02T23-52-17Z,IPU,0
2026-01-02T23-52-17Z,Erfurt,0
2026-01-02T23-52-17Z,Potsdam,0
2026-01-02T23-52-17Z,Mannheim Kognitive Psychologie,0
2026-01-02T23-52-17Z,Wuppertal,19
2026-01-02T23-52-17Z,Frankfurt Sona,0
2026-01-02T23-52-17Z,Frankfurt Prolific,0
2026-01-03T23-52-03Z,Darmstadt,43
2026-01-03T23-52-03Z,Münster,0
2026-01-03T23-52-03Z,Twente,5
2026-01-03T23-52-03Z,IU,0
2026-01-03T23-52-03Z,IPN,0
2026-01-03T23-52-03Z,Bamberg,14
2026-01-03T23-52-03Z,Leipzig,0
2026-01-03T23-52-03Z,Göttingen,0
2026-01-03T23-52-03Z,Dresden,10
2026-01-03T23-52-03Z,Hildesheim,0
2026-01-03T23-52-03Z,FU,0
2026-01-03T23-52-03Z,Pavia,0
2026-01-03T23-52-03Z,HU,48
2026-01-03T23-52-03Z,Tübingen,0
2026-01-03T23-52-03Z,Aachen,40
2026-01-03T23-52-03Z,Lüneburg,0
2026-01-03T23-52-03Z,Marburg,0
2026-01-03T23-52-03Z,IPU,0
2026-01-03T23-52-03Z,Erfurt,0
2026-01-03T23-52-03Z,Potsdam,0
2026-01-03T23-52-03Z,Mannheim Kognitive Psychologie,0
2026-01-03T23-52-03Z,Wuppertal,19
2026-01-03T23-52-03Z,Frankfurt Sona,0
2026-01-03T23-52-03Z,Frankfurt Prolific,0
2026-01-04T23-53-18Z,Darmstadt,43
2026-01-04T23-53-18Z,Münster,0
2026-01-04T23-53-18Z,Twente,6
2026-01-04T23-53-18Z,IU,0
2026-01-04T23-53-18Z,IPN,0
2026-01-04T23-53-18Z,Bamberg,14
2026-01-04T23-53-18Z,Leipzig,0
2026-01-04T23-53-18Z,Göttingen,0
2026-01-04T23-53-18Z,Dresden,11
2026-01-04T23-53-18Z,Hildesheim,0
2026-01-04T23-53-18Z,FU,0
2026-01-04T23-53-18Z,Pavia,0
2026-01-04T23-53-18Z,HU,51
2026-01-04T23-53-18Z,Tübingen,0
2026-01-04T23-53-18Z,Aachen,44
2026-01-04T23-53-18Z,Lüneburg,0
2026-01-04T23-53-18Z,Marburg,0
2026-01-04T23-53-18Z,IPU,0
2026-01-04T23-53-18Z,Erfurt,0
2026-01-04T23-53-18Z,Potsdam,0
2026-01-04T23-53-18Z,Mannheim Kognitive Psychologie,0
2026-01-04T23-53-18Z,Wuppertal,20
2026-01-04T23-53-18Z,Frankfurt Sona,0
2026-01-04T23-53-18Z,Frankfurt Prolific,0
2026-01-05T23-53-59Z,Darmstadt,47
2026-01-05T23-53-59Z,Münster,0
2026-01-05T23-53-59Z,Twente,6
2026-01-05T23-53-59Z,IU,0
2026-01-05T23-53-59Z,IPN,0
2026-01-05T23-53-59Z,Bamberg,15
2026-01-05T23-53-59Z,Leipzig,0
2026-01-05T23-53-59Z,Göttingen,0
2026-01-05T23-53-59Z,Dresden,12
2026-01-05T23-53-59Z,Hildesheim,0
2026-01-05T23-53-59Z,FU,0
2026-01-05T23-53-59Z,Pavia,0
2026-01-05T23-53-59Z,HU,52
2026-01-05T23-53-59Z,Tübingen,0
2026-01-05T23-53-59Z,Aachen,46
2026-01-05T23-53-59Z,Lüneburg,0
2026-01-05T23-53-59Z,Marburg,0
2026-01-05T23-53-59Z,IPU,0
2026-01-05T23-53-59Z,Erfurt,0
2026-01-05T23-53-59Z,Potsdam,0
2026-01-05T23-53-59Z,Mannheim Kognitive Psychologie,0
2026-01-05T23-53-59Z,Wuppertal,21
2026-01-05T23-53-59Z,Frankfurt Sona,0
2026-01-05T23-53-59Z,Frankfurt Prolific,0
2026-01-06T23-53-11Z,Darmstadt,49
2026-01-06T23-53-11Z,Münster,0
2026-01-06T23-53-11Z,Twente,7
2026-01-06T23-53-11Z,IU,0
2026-01-06T23-53-11Z,IPN,0
2026-01-06T23-53-11Z,Bamberg,15
2026-01-06T23-53-11Z,Leipzig,0
2026-01-06T23-53-11Z,Göttingen,0
2026-01-06T23-53-11Z,Dresden,12
2026-01-06T23-53-11Z,Hildesheim,0
2026-01-06T23-53-11Z,FU,0
2026-01-06T23-53-11Z,Pavia,0
2026-01-06T23-53-11Z,HU,53
2026-01-06T23-53-11Z,Tübingen,0
2026-01-06T23-53-11Z,Aachen,47
2026-01-06T23-53-11Z,Lüneburg,0
2026-01-06T23-53-11Z,Marburg,0
2026-01-06T23-53-11Z,IPU,0
2026-01-06T23-53-11Z,Erfurt,0
2026-01-06T23-53-11Z,Potsdam,0
2026-01-06T23-53-11Z,Mannheim Kognitive Psychologie,0
2026-01-06T23-53-11Z,Wuppertal,22
2026-01-06T23-53-11Z,Frankfurt Sona,0
2026-01-06T23-53-11Z,Frankfurt Prolific,0
2026-01-07T23-54-13Z,Darmstadt,51
2026-01-07T23-54-13Z,Münster,3
2026-01-07T23-54-13Z,Twente,7
2026-01-07T23-54-13Z,IU,0
2026-01-07T23-54-13Z,IPN,0
2026-01-07T23-54-13Z,Bamberg,16
2026-01-07T23-54-13Z,Leipzig,0
2026-01-07T23-54-13Z,Göttingen,0
2026-01-07T23-54-13Z,Dresden,14
2026-01-07T23-54-13Z,Hildesheim,0
2026-01-07T23-54-13Z,FU,0
2026-01-07T23-54-13Z,Pavia,0
2026-01-07T23-54-13Z,HU,55
2026-01-07T23-54-13Z,Tübingen,0
2026-01-07T23-54-13Z,Aachen,47
2026-01-07T23-54-13Z,Lüneburg,0
2026-01-07T23-54-13Z,Marburg,0
2026-01-07T23-54-13Z,IPU,0
2026-01-07T23-54-13Z,Erfurt,0
2026-01-07T23-54-13Z,Potsdam,0
2026-01-07T23-54-13Z,Mannheim Kognitive Psychologie,0
2026-01-07T23-54-13Z,Wuppertal,23
2026-01-07T23-54-13Z,Frankfurt Sona,0
2026-01-07T23-54-13Z,Frankfurt Prolific,0
2026-01-08T23-52-29Z,Darmstadt,53
2026-01-08T23-52-29Z,Münster,3
2026-01-08T23-52-29Z,Twente,8
2026-01-08T23-52-29Z,IU,0
2026-01-08T23-52-29Z,IPN,0
2026-01-08T23-52-29Z,Bamberg,16
2026-01-08T23-52-29Z,Leipzig,0
2026-01-08T23-52-29Z,Göttingen,0
2026-01-08T23-52-29Z,Dresden,15
2026-01-08T23-52-29Z,Hildesheim,0
2026-01-08T23-52-29Z,FU,0
2026-01-08T23-52-29Z,Pavia,0
2026-01-08T23-52-29Z,HU,55
2026-01-08T23-52-29Z,Tübingen,0
2026-01-08T23-52-29Z,Aachen,47
2026-01-08T23-52-29Z,Lüneburg,0
2026-01-08T23-52-29Z,Marburg,35
2026-01-08T23-52-29Z,IPU,0
2026-01-08T23-52-29Z,Erfurt,0
2026-01-08T23-52-29Z,Potsdam,0
2026-01-08T23-52-29Z,Mannheim Kognitive Psychologie,0
2026-01-08T23-52-29Z,Wuppertal,24
2026-01-08T23-52-29Z,Frankfurt Sona,0
2026-01-08T23-52-29Z,Frankfurt Prolific,0
2026-01-09T23-53-59Z,Darmstadt,54
2026-01-09T23-53-59Z,Münster,6
2026-01-09T23-53-59Z,Twente,8
2026-01-09T23-53-59Z,IU,0
2026-01-09T23-53-59Z,IPN,0
2026-01-09T23-53-59Z,Bamberg,16
2026-01-09T23-53-59Z,Leipzig,0
2026-01-09T23-53-59Z,Göttingen,0
2026-01-09T23-53-59Z,Dresden,15
2026-01-09T23-53-59Z,Hildesheim,0
2026-01-09T23-53-59Z,FU,0
2026-01-09T23-53-59Z,Pavia,0
2026-01-09T23-53-59Z,HU,55
2026-01-09T23-53-59Z,Tübingen,0
2026-01-09T23-53-59Z,Aachen,47
2026-01-09T23-53-59Z,Lüneburg,0
2026-01-09T23-53-59Z,Marburg,45
2026-01-09T23-53-59Z,IPU,0
2026-01-09T23-53-59Z,Erfurt,0
2026-01-09T23-53-59Z,Potsdam,0
2026-01-09T23-53-59Z,Mannheim Kognitive Psychologie,0
2026-01-09T23-53-59Z,Wuppertal,26
2026-01-09T23-53-59Z,Frankfurt Sona,0
2026-01-09T23-53-59Z,Frankfurt Prolific,0
2026-01-10T23-52-20Z,Darmstadt,56
2026-01-10T23-52-20Z,Münster,7
2026-01-10T23-52-20Z,Twente,8
2026-01-10T23-52-20Z,IU,0
2026-01-10T23-52-20Z,IPN,0
2026-01-10T23-52-20Z,Bamberg,16
2026-01-10T23-52-20Z,Leipzig,0
2026-01-10T23-52-20Z,Göttingen,0
2026-01-10T23-52-20Z,Dresden,15
2026-01-10T23-52-20Z,Hildesheim,0
2026-01-10T23-52-20Z,FU,0
2026-01-10T23-52-20Z,Pavia,0
2026-01-10T23-52-20Z,HU,55
2026-01-10T23-52-20Z,Tübingen,0
2026-01-10T23-52-20Z,Aachen,48
2026-01-10T23-52-20Z,Lüneburg,0
2026-01-10T23-52-20Z,Marburg,51
2026-01-10T23-52-20Z,IPU,0
2026-01-10T23-52-20Z,Erfurt,0
2026-01-10T23-52-20Z,Potsdam,0
2026-01-10T23-52-20Z,Mannheim Kognitive Psychologie,0
2026-01-10T23-52-20Z,Wuppertal,26
2026-01-10T23-52-20Z,Frankfurt Sona,0
2026-01-10T23-52-20Z,Frankfurt Prolific,0
2026-01-11T23-52-46Z,Darmstadt,59
2026-01-11T23-52-46Z,Münster,8
2026-01-11T23-52-46Z,Twente,9
2026-01-11T23-52-46Z,IU,0
2026-01-11T23-52-46Z,IPN,0
2026-01-11T23-52-46Z,Bamberg,16
2026-01-11T23-52-46Z,Leipzig,0
2026-01-11T23-52-46Z,Göttingen,0
2026-01-11T23-52-46Z,Dresden,16
2026-01-11T23-52-46Z,Hildesheim,0
2026-01-11T23-52-46Z,FU,0
2026-01-11T23-52-46Z,Pavia,0
2026-01-11T23-52-46Z,HU,55
2026-01-11T23-52-46Z,Tübingen,0
2026-01-11T23-52-46Z,Aachen,49
2026-01-11T23-52-46Z,Lüneburg,0
2026-01-11T23-52-46Z,Marburg,56
2026-01-11T23-52-46Z,IPU,0
2026-01-11T23-52-46Z,Erfurt,0
2026-01-11T23-52-46Z,Potsdam,0
2026-01-11T23-52-46Z,Mannheim Kognitive Psychologie,0
2026-01-11T23-52-46Z,Wuppertal,27
2026-01-11T23-52-46Z,Frankfurt Sona,0
2026-01-11T23-52-46Z,Frankfurt Prolific,0
2026-01-12T23-52-28Z,Darmstadt,60
2026-01-12T23-52-28Z,Münster,9
2026-01-12T23-52-28Z,Twente,10
2026-01-12T23-52-28Z,IU,0
2026-01-12T23-52-28Z,IPN,0
2026-01-12T23-52-28Z,Bamberg,16
2026-01-12T23-52-28Z,Leipzig,0
2026-01-12T23-52-28Z,Göttingen,0
2026-01-12T23-52-28Z,Dresden,16
2026-01-12T23-52-28Z,Hildesheim,0
2026-01-12T23-52-28Z,FU,0
2026-01-12T23-52-28Z,Pavia,0
2026-01-12T23-52-28Z,HU,58
2026-01-12T23-52-28Z,Tübingen,0
2026-01-12T23-52-28Z,Aachen,49
2026-01-12T23-52-28Z,Lüneburg,0
2026-01-12T23-52-28Z,Marburg,56
2026-01-12T23-52-28Z,IPU,0
2026-01-12T23-52-28Z,Erfurt,0
2026-01-12T23-52-28Z,Potsdam,0
2026-01-12T23-52-28Z,Mannheim Kognitive Psychologie,0
2026-01-12T23-52-28Z,Wuppertal,27
2026-01-12T23-52-28Z,Frankfurt Sona,0
2026-01-12T23-52-28Z,Frankfurt Prolific,0
2026-01-13T23-53-01Z,Darmstadt,60
2026-01-13T23-53-01Z,Münster,11
2026-01-13T23-53-01Z,Twente,10
2026-01-13T23-53-01Z,IU,0
2026-01-13T23-53-01Z,IPN,0
2026-01-13T23-53-01Z,Bamberg,16
2026-01-13T23-53-01Z,Leipzig,0
2026-01-13T23-53-01Z,Göttingen,0
2026-01-13T23-53-01Z,Dresden,16
2026-01-13T23-53-01Z,Hildesheim,0
2026-01-13T23-53-01Z,FU,0
2026-01-13T23-53-01Z,Pavia,0
2026-01-13T23-53-01Z,HU,59
2026-01-13T23-53-01Z,Tübingen,0
2026-01-13T23-53-01Z,Aachen,49
2026-01-13T23-53-01Z,Lüneburg,0
2026-01-13T23-53-01Z,Marburg,59
2026-01-13T23-53-01Z,IPU,0
2026-01-13T23-53-01Z,Erfurt,0
2026-01-13T23-53-01Z,Potsdam,0
2026-01-13T23-53-01Z,Mannheim Kognitive Psychologie,0
2026-01-13T23-53-01Z,Wuppertal,28
2026-01-13T23-53-01Z,Frankfurt Sona,0
2026-01-13T23-53-01Z,Frankfurt Prolific,0
2026-01-14T23-52-37Z,Darmstadt,60
2026-01-14T23-52-37Z,Münster,16
2026-01-14T23-52-37Z,Twente,10
2026-01-14T23-52-37Z,IU,0
2026-01-14T23-52-37Z,IPN,0
2026-01-14T23-52-37Z,Bamberg,16
2026-01-14T23-52-37Z,Leipzig,0
2026-01-14T23-52-37Z,Göttingen,0
2026-01-14T23-52-37Z,Dresden,16
2026-01-14T23-52-37Z,Hildesheim,0
2026-01-14T23-52-37Z,FU,0
2026-01-14T23-52-37Z,Pavia,0
2026-01-14T23-52-37Z,HU,59
2026-01-14T23-52-37Z,Tübingen,0
2026-01-14T23-52-37Z,Aachen,49
2026-01-14T23-52-37Z,Lüneburg,0
2026-01-14T23-52-37Z,Marburg,61
2026-01-14T23-52-37Z,IPU,0
2026-01-14T23-52-37Z,Erfurt,0
2026-01-14T23-52-37Z,Potsdam,0
2026-01-14T23-52-37Z,Mannheim Kognitive Psychologie,0
2026-01-14T23-52-37Z,Wuppertal,29
2026-01-14T23-52-37Z,Frankfurt Sona,0
2026-01-14T23-52-37Z,Frankfurt Prolific,0
2026-01-15T23-52-14Z,Darmstadt,62
2026-01-15T23-52-14Z,Münster,17
2026-01-15T23-52-14Z,Twente,14
2026-01-15T23-52-14Z,IU,0
2026-01-15T23-52-14Z,IPN,0
2026-01-15T23-52-14Z,Bamberg,16
2026-01-15T23-52-14Z,Leipzig,0
2026-01-15T23-52-14Z,Göttingen,0
2026-01-15T23-52-14Z,Dresden,16
2026-01-15T23-52-14Z,Hildesheim,0
2026-01-15T23-52-14Z,FU,0
2026-01-15T23-52-14Z,Pavia,0
2026-01-15T23-52-14Z,HU,61
2026-01-15T23-52-14Z,Tübingen,0
2026-01-15T23-52-14Z,Aachen,49
2026-01-15T23-52-14Z,Lüneburg,0
2026-01-15T23-52-14Z,Marburg,61
2026-01-15T23-52-14Z,IPU,0
2026-01-15T23-52-14Z,Erfurt,0
2026-01-15T23-52-14Z,Potsdam,0
2026-01-15T23-52-14Z,Mannheim Kognitive Psychologie,0
2026-01-15T23-52-14Z,Wuppertal,29
2026-01-15T23-52-14Z,Frankfurt Sona,0
2026-01-15T23-52-14Z,Frankfurt Prolific,0
2026-01-16T23-53-50Z,Darmstadt,62
2026-01-16T23-53-50Z,Münster,18
2026-01-16T23-53-50Z,Twente,15
2026-01-16T23-53-50Z,IU,0
2026-01-16T23-53-50Z,IPN,0
2026-01-16T23-53-50Z,Bamberg,16
2026-01-16T23-53-50Z,Leipzig,0
2026-01-16T23-53-50Z,Göttingen,1
2026-01-16T23-53-50Z,Dresden,17
2026-01-16T23-53-50Z,Hildesheim,0
2026-01-16T23-53-50Z,FU,0
2026-01-16T23-53-50Z,Pavia,0
2026-01-16T23-53-50Z,HU,62
2026-01-16T23-53-50Z,Tübingen,0
2026-01-16T23-53-50Z,Aachen,50
2026-01-16T23-53-50Z,Lüneburg,0
2026-01-16T23-53-50Z,Marburg,61
2026-01-16T23-53-50Z,IPU,0
2026-01-16T23-53-50Z,Erfurt,0
2026-01-16T23-53-50Z,Potsdam,0
2026-01-16T23-53-50Z,Mannheim Kognitive Psychologie,0
2026-01-16T23-53-50Z,Wuppertal,29
2026-01-16T23-53-50Z,Frankfurt Sona,0
2026-01-16T23-53-50Z,Frankfurt Prolific,0
2026-01-17T23-52-00Z,Darmstadt,62
2026-01-17T23-52-00Z,Münster,18
2026-01-17T23-52-00Z,Twente,15
2026-01-17T23-52-00Z,IU,0
2026-01-17T23-52-00Z,IPN,0
2026-01-17T23-52-00Z,Bamberg,16
2026-01-17T23-52-00Z,Leipzig,0
2026-01-17T23-52-00Z,Göttingen,2
2026-01-17T23-52-00Z,Dresden,17
2026-01-17T23-52-00Z,Hildesheim,0
2026-01-17T23-52-00Z,FU,0
2026-01-17T23-52-00Z,Pavia,0
2026-01-17T23-52-00Z,HU,62
2026-01-17T23-52-00Z,Tübingen,0
2026-01-17T23-52-00Z,Aachen,50
2026-01-17T23-52-00Z,Lüneburg,0
2026-01-17T23-52-00Z,Marburg,62
2026-01-17T23-52-00Z,IPU,0
2026-01-17T23-52-00Z,Erfurt,0
2026-01-17T23-52-00Z,Potsdam,0
2026-01-17T23-52-00Z,Mannheim Kognitive Psychologie,0
2026-01-17T23-52-00Z,Wuppertal,29
2026-01-17T23-52-00Z,Frankfurt Sona,0
2026-01-17T23-52-00Z,Frankfurt Prolific,0
2026-01-18T23-53-18Z,Darmstadt,63
2026-01-18T23-53-18Z,Münster,18
2026-01-18T23-53-18Z,Twente,15
2026-01-18T23-53-18Z,IU,0
2026-01-18T23-53-18Z,IPN,0
2026-01-18T23-53-18Z,Bamberg,16
2026-01-18T23-53-18Z,Leipzig,0
2026-01-18T23-53-18Z,Göttingen,4
2026-01-18T23-53-18Z,Dresden,18
2026-01-18T23-53-18Z,Hildesheim,0
2026-01-18T23-53-18Z,FU,0
2026-01-18T23-53-18Z,Pavia,0
2026-01-18T23-53-18Z,HU,63
2026-01-18T23-53-18Z,Tübingen,0
2026-01-18T23-53-18Z,Aachen,51
2026-01-18T23-53-18Z,Lüneburg,0
2026-01-18T23-53-18Z,Marburg,65
2026-01-18T23-53-18Z,IPU,0
2026-01-18T23-53-18Z,Erfurt,0
2026-01-18T23-53-18Z,Potsdam,0
2026-01-18T23-53-18Z,Mannheim Kognitive Psychologie,0
2026-01-18T23-53-18Z,Wuppertal,31
2026-01-18T23-53-18Z,Frankfurt Sona,0
2026-01-18T23-53-18Z,Frankfurt Prolific,0
2026-01-19T23-55-38Z,Darmstadt,64
2026-01-19T23-55-38Z,Münster,18
2026-01-19T23-55-38Z,Twente,15
2026-01-19T23-55-38Z,IU,0
2026-01-19T23-55-38Z,IPN,0
2026-01-19T23-55-38Z,Bamberg,16
2026-01-19T23-55-38Z,Leipzig,0
2026-01-19T23-55-38Z,Göttingen,6
2026-01-19T23-55-38Z,Dresden,18
2026-01-19T23-55-38Z,Hildesheim,0
2026-01-19T23-55-38Z,FU,0
2026-01-19T23-55-38Z,Pavia,0
2026-01-19T23-55-38Z,HU,65
2026-01-19T23-55-38Z,Tübingen,0
2026-01-19T23-55-38Z,Aachen,51
2026-01-19T23-55-38Z,Lüneburg,0
2026-01-19T23-55-38Z,Marburg,65
2026-01-19T23-55-38Z,IPU,0
2026-01-19T23-55-38Z,Erfurt,0
2026-01-19T23-55-38Z,Potsdam,0
2026-01-19T23-55-38Z,Mannheim Kognitive Psychologie,0
2026-01-19T23-55-38Z,Wuppertal,31
2026-01-19T23-55-38Z,Frankfurt Sona,0
2026-01-19T23-55-38Z,Frankfurt Prolific,0
2026-01-20T23-53-24Z,Darmstadt,64
2026-01-20T23-53-24Z,Münster,19
2026-01-20T23-53-24Z,Twente,16
2026-01-20T23-53-24Z,IU,0
2026-01-20T23-53-24Z,IPN,0
2026-01-20T23-53-24Z,Bamberg,16
2026-01-20T23-53-24Z,Leipzig,0
2026-01-20T23-53-24Z,Göttingen,6
2026-01-20T23-53-24Z,Dresden,19
2026-01-20T23-53-24Z,Hildesheim,0
2026-01-20T23-53-24Z,FU,0
2026-01-20T23-53-24Z,Pavia,0
2026-01-20T23-53-24Z,HU,68
2026-01-20T23-53-24Z,Tübingen,0
2026-01-20T23-53-24Z,Aachen,51
2026-01-20T23-53-24Z,Lüneburg,0
2026-01-20T23-53-24Z,Marburg,65
2026-01-20T23-53-24Z,IPU,0
2026-01-20T23-53-24Z,Erfurt,0
2026-01-20T23-53-24Z,Potsdam,0
2026-01-20T23-53-24Z,Mannheim Kognitive Psychologie,0
2026-01-20T23-53-24Z,Wuppertal,31
2026-01-20T23-53-24Z,Frankfurt Sona,1
2026-01-20T23-53-24Z,Frankfurt Prolific,0
2026-01-20T23-53-24Z,Köln,0
2026-01-21T23-54-34Z,Darmstadt,64
2026-01-21T23-54-34Z,Münster,19
2026-01-21T23-54-34Z,Twente,16
2026-01-21T23-54-34Z,IU,0
2026-01-21T23-54-34Z,IPN,0
2026-01-21T23-54-34Z,Bamberg,16
2026-01-21T23-54-34Z,Leipzig,23
2026-01-21T23-54-34Z,Göttingen,7
2026-01-21T23-54-34Z,Dresden,19
2026-01-21T23-54-34Z,Hildesheim,0
2026-01-21T23-54-34Z,FU,0
2026-01-21T23-54-34Z,Pavia,0
2026-01-21T23-54-34Z,HU,68
2026-01-21T23-54-34Z,Tübingen,0
2026-01-21T23-54-34Z,Aachen,51
2026-01-21T23-54-34Z,Lüneburg,0
2026-01-21T23-54-34Z,Marburg,65
2026-01-21T23-54-34Z,IPU,0
2026-01-21T23-54-34Z,Erfurt,1
2026-01-21T23-54-34Z,Potsdam,0
2026-01-21T23-54-34Z,Mannheim Kognitive Psychologie,2
2026-01-21T23-54-34Z,Wuppertal,34
2026-01-21T23-54-34Z,Frankfurt Sona,1
2026-01-21T23-54-34Z,Frankfurt Prolific,0
2026-01-21T23-54-34Z,Köln,0
2026-01-22T23-52-58Z,Darmstadt,64
2026-01-22T23-52-58Z,Münster,19
2026-01-22T23-52-58Z,Twente,16
2026-01-22T23-52-58Z,IU,0
2026-01-22T23-52-58Z,IPN,0
2026-01-22T23-52-58Z,Bamberg,16
2026-01-22T23-52-58Z,Leipzig,31
2026-01-22T23-52-58Z,Göttingen,8
2026-01-22T23-52-58Z,Dresden,19
2026-01-22T23-52-58Z,Hildesheim,0
2026-01-22T23-52-58Z,FU,0
2026-01-22T23-52-58Z,Pavia,0
2026-01-22T23-52-58Z,HU,69
2026-01-22T23-52-58Z,Tübingen,4
2026-01-22T23-52-58Z,Aachen,51
2026-01-22T23-52-58Z,Lüneburg,0
2026-01-22T23-52-58Z,Marburg,65
2026-01-22T23-52-58Z,IPU,0
2026-01-22T23-52-58Z,Erfurt,2
2026-01-22T23-52-58Z,Potsdam,0
2026-01-22T23-52-58Z,Mannheim Kognitive Psychologie,3
2026-01-22T23-52-58Z,Wuppertal,35
2026-01-22T23-52-58Z,Frankfurt Sona,2
2026-01-22T23-52-58Z,Frankfurt Prolific,0
2026-01-22T23-52-58Z,Köln,0
2026-01-22T23-52-58Z,Tübingen Not Sona,2
2026-01-23T23-52-38Z,Darmstadt,64
2026-01-23T23-52-38Z,Münster,19
2026-01-23T23-52-38Z,Twente,16
2026-01-23T23-52-38Z,IU,0
2026-01-23T23-52-38Z,IPN,0
2026-01-23T23-52-38Z,Bamberg,16
2026-01-23T23-52-38Z,Leipzig,39
2026-01-23T23-52-38Z,Göttingen,8
2026-01-23T23-52-38Z,Dresden,19
2026-01-23T23-52-38Z,Hildesheim,0
2026-01-23T23-52-38Z,FU,0
2026-01-23T23-52-38Z,Pavia,0
2026-01-23T23-52-38Z,HU,71
2026-01-23T23-52-38Z,Tübingen,7
2026-01-23T23-52-38Z,Tübingen Not Sona,2
2026-01-23T23-52-38Z,Aachen,51
2026-01-23T23-52-38Z,Lüneburg,0
2026-01-23T23-52-38Z,Marburg,65
2026-01-23T23-52-38Z,IPU,0
2026-01-23T23-52-38Z,Erfurt,5
2026-01-23T23-52-38Z,Potsdam,0
2026-01-23T23-52-38Z,Mannheim Kognitive Psychologie,5
2026-01-23T23-52-38Z,Wuppertal,35
2026-01-23T23-52-38Z,Frankfurt Sona,2
2026-01-23T23-52-38Z,Frankfurt Prolific,0
2026-01-23T23-52-38Z,Köln,0
2026-01-24T23-52-26Z,Darmstadt,64
2026-01-24T23-52-26Z,Münster,19
2026-01-24T23-52-26Z,Twente,16
2026-01-24T23-52-26Z,IU,0
2026-01-24T23-52-26Z,IPN,0
2026-01-24T23-52-26Z,Bamberg,16
2026-01-24T23-52-26Z,Leipzig,43
2026-01-24T23-52-26Z,Göttingen,8
2026-01-24T23-52-26Z,Dresden,19
2026-01-24T23-52-26Z,Hildesheim,0
2026-01-24T23-52-26Z,FU,0
2026-01-24T23-52-26Z,Pavia,0
2026-01-24T23-52-26Z,HU,72
2026-01-24T23-52-26Z,Tübingen,7
2026-01-24T23-52-26Z,Tübingen Not Sona,3
2026-01-24T23-52-26Z,Aachen,51
2026-01-24T23-52-26Z,Lüneburg,0
2026-01-24T23-52-26Z,Marburg,65
2026-01-24T23-52-26Z,IPU,0
2026-01-24T23-52-26Z,Erfurt,10
2026-01-24T23-52-26Z,Potsdam,0
2026-01-24T23-52-26Z,Mannheim Kognitive Psychologie,8
2026-01-24T23-52-26Z,Wuppertal,35
2026-01-24T23-52-26Z,Frankfurt Sona,2
2026-01-24T23-52-26Z,Frankfurt Prolific,0
2026-01-24T23-52-26Z,Köln,0
2026-01-25T23-54-47Z,Darmstadt,64
2026-01-25T23-54-47Z,Münster,19
2026-01-25T23-54-47Z,Twente,16
2026-01-25T23-54-47Z,IU,0
2026-01-25T23-54-47Z,IPN,0
2026-01-25T23-54-47Z,Bamberg,16
2026-01-25T23-54-47Z,Leipzig,47
2026-01-25T23-54-47Z,Göttingen,8
2026-01-25T23-54-47Z,Dresden,20
2026-01-25T23-54-47Z,Hildesheim,0
2026-01-25T23-54-47Z,FU,0
2026-01-25T23-54-47Z,Pavia,0
2026-01-25T23-54-47Z,HU,73
2026-01-25T23-54-47Z,Tübingen,9
2026-01-25T23-54-47Z,Tübingen Not Sona,3
2026-01-25T23-54-47Z,Aachen,51
2026-01-25T23-54-47Z,Lüneburg,0
2026-01-25T23-54-47Z,Marburg,65
2026-01-25T23-54-47Z,IPU,0
2026-01-25T23-54-47Z,Erfurt,12
2026-01-25T23-54-47Z,Potsdam,0
2026-01-25T23-54-47Z,Mannheim Kognitive Psychologie,8
2026-01-25T23-54-47Z,Wuppertal,35
2026-01-25T23-54-47Z,Frankfurt Sona,3
2026-01-25T23-54-47Z,Frankfurt Prolific,0
2026-01-25T23-54-47Z,Köln,0
2026-01-26T23-53-57Z,Darmstadt,64
2026-01-26T23-53-57Z,Münster,19
2026-01-26T23-53-57Z,Twente,16
2026-01-26T23-53-57Z,IU,0
2026-01-26T23-53-57Z,IPN,0
2026-01-26T23-53-57Z,Bamberg,17
2026-01-26T23-53-57Z,Leipzig,54
2026-01-26T23-53-57Z,Göttingen,8
2026-01-26T23-53-57Z,Dresden,20
2026-01-26T23-53-57Z,Hildesheim,0
2026-01-26T23-53-57Z,FU,0
2026-01-26T23-53-57Z,Pavia,0
2026-01-26T23-53-57Z,HU,73
2026-01-26T23-53-57Z,Tübingen,13
2026-01-26T23-53-57Z,Tübingen Not Sona,5
2026-01-26T23-53-57Z,Aachen,51
2026-01-26T23-53-57Z,Lüneburg,0
2026-01-26T23-53-57Z,Marburg,65
2026-01-26T23-53-57Z,IPU,0
2026-01-26T23-53-57Z,Erfurt,13
2026-01-26T23-53-57Z,Potsdam,0
2026-01-26T23-53-57Z,Mannheim Kognitive Psychologie,9
2026-01-26T23-53-57Z,Wuppertal,35
2026-01-26T23-53-57Z,Frankfurt Sona,4
2026-01-26T23-53-57Z,Frankfurt Prolific,0
2026-01-26T23-53-57Z,Köln,0
2026-01-27T23-53-50Z,Darmstadt,64
2026-01-27T23-53-50Z,Münster,21
2026-01-27T23-53-50Z,Twente,16
2026-01-27T23-53-50Z,IU,0
2026-01-27T23-53-50Z,IPN,0
2026-01-27T23-53-50Z,Bamberg,17
2026-01-27T23-53-50Z,Leipzig,57
2026-01-27T23-53-50Z,Göttingen,8
2026-01-27T23-53-50Z,Dresden,21
2026-01-27T23-53-50Z,Hildesheim,0
2026-01-27T23-53-50Z,FU,0
2026-01-27T23-53-50Z,Pavia,0
2026-01-27T23-53-50Z,HU,75
2026-01-27T23-53-50Z,Tübingen,19
2026-01-27T23-53-50Z,Tübingen Not Sona,7
2026-01-27T23-53-50Z,Aachen,51
2026-01-27T23-53-50Z,Lüneburg,0
2026-01-27T23-53-50Z,Marburg,65
2026-01-27T23-53-50Z,IPU,0
2026-01-27T23-53-50Z,Erfurt,14
2026-01-27T23-53-50Z,Potsdam,0
2026-01-27T23-53-50Z,Mannheim Kognitive Psychologie,11
2026-01-27T23-53-50Z,Wuppertal,35
2026-01-27T23-53-50Z,Frankfurt Sona,4
2026-01-27T23-53-50Z,Frankfurt Prolific,0
2026-01-27T23-53-50Z,Köln,0
2026-01-28T23-55-06Z,Darmstadt,64
2026-01-28T23-55-06Z,Münster,21
2026-01-28T23-55-06Z,Twente,16
2026-01-28T23-55-06Z,IU,0
2026-01-28T23-55-06Z,IPN,0
2026-01-28T23-55-06Z,Bamberg,17
2026-01-28T23-55-06Z,Leipzig,59
2026-01-28T23-55-06Z,Göttingen,9
2026-01-28T23-55-06Z,Dresden,22
2026-01-28T23-55-06Z,Hildesheim,0
2026-01-28T23-55-06Z,FU,0
2026-01-28T23-55-06Z,Pavia,0
2026-01-28T23-55-06Z,HU,76
2026-01-28T23-55-06Z,Tübingen,22
2026-01-28T23-55-06Z,Tübingen Not Sona,9
2026-01-28T23-55-06Z,Aachen,51
2026-01-28T23-55-06Z,Lüneburg,0
2026-01-28T23-55-06Z,Marburg,65
2026-01-28T23-55-06Z,IPU,0
2026-01-28T23-55-06Z,Erfurt,15
2026-01-28T23-55-06Z,Potsdam,0
2026-01-28T23-55-06Z,Mannheim Kognitive Psychologie,11
2026-01-28T23-55-06Z,Wuppertal,35
2026-01-28T23-55-06Z,Frankfurt Sona,4
2026-01-28T23-55-06Z,Frankfurt Prolific,0
2026-01-28T23-55-06Z,Köln,0
2026-01-29T23-55-32Z,Darmstadt,64
2026-01-29T23-55-32Z,Münster,21
2026-01-29T23-55-32Z,Twente,16
2026-01-29T23-55-32Z,IU,0
2026-01-29T23-55-32Z,IPN,0
2026-01-29T23-55-32Z,Bamberg,17
2026-01-29T23-55-32Z,Leipzig,61
2026-01-29T23-55-32Z,Göttingen,9
2026-01-29T23-55-32Z,Dresden,23
2026-01-29T23-55-32Z,Hildesheim,0
2026-01-29T23-55-32Z,FU,0
2026-01-29T23-55-32Z,Pavia,0
2026-01-29T23-55-32Z,HU,76
2026-01-29T23-55-32Z,Tübingen,26
2026-01-29T23-55-32Z,Tübingen Not Sona,12
2026-01-29T23-55-32Z,Aachen,51
2026-01-29T23-55-32Z,Lüneburg,0
2026-01-29T23-55-32Z,Marburg,65
2026-01-29T23-55-32Z,IPU,0
2026-01-29T23-55-32Z,Erfurt,16
2026-01-29T23-55-32Z,Potsdam,0
2026-01-29T23-55-32Z,Mannheim Kognitive Psychologie,13
2026-01-29T23-55-32Z,Wuppertal,35
2026-01-29T23-55-32Z,Frankfurt Sona,5
2026-01-29T23-55-32Z,Frankfurt Prolific,0
2026-01-29T23-55-32Z,Köln,0
2026-01-30T23-55-18Z,Darmstadt,64
2026-01-30T23-55-18Z,Münster,21
2026-01-30T23-55-18Z,Twente,16
2026-01-30T23-55-18Z,IU,0
2026-01-30T23-55-18Z,IPN,0
2026-01-30T23-55-18Z,Bamberg,17
2026-01-30T23-55-18Z,Leipzig,61
2026-01-30T23-55-18Z,Göttingen,9
2026-01-30T23-55-18Z,Dresden,24
2026-01-30T23-55-18Z,Hildesheim,0
2026-01-30T23-55-18Z,FU,0
2026-01-30T23-55-18Z,Pavia,0
2026-01-30T23-55-18Z,HU,76
2026-01-30T23-55-18Z,Tübingen,26
2026-01-30T23-55-18Z,Tübingen Not Sona,15
2026-01-30T23-55-18Z,Aachen,51
2026-01-30T23-55-18Z,Lüneburg,0
2026-01-30T23-55-18Z,Marburg,65
2026-01-30T23-55-18Z,IPU,0
2026-01-30T23-55-18Z,Erfurt,18
2026-01-30T23-55-18Z,Potsdam,0
2026-01-30T23-55-18Z,Mannheim Kognitive Psychologie,18
2026-01-30T23-55-18Z,Wuppertal,35
2026-01-30T23-55-18Z,Frankfurt Sona,7
2026-01-30T23-55-18Z,Frankfurt Prolific,0
2026-01-30T23-55-18Z,Köln,0
2026-01-31T23-54-35Z,Darmstadt,64
2026-01-31T23-54-35Z,Münster,21
2026-01-31T23-54-35Z,Twente,17
2026-01-31T23-54-35Z,IU,0
2026-01-31T23-54-35Z,IPN,0
2026-01-31T23-54-35Z,Bamberg,17
2026-01-31T23-54-35Z,Leipzig,64
2026-01-31T23-54-35Z,Göttingen,9
2026-01-31T23-54-35Z,Dresden,24
2026-01-31T23-54-35Z,Hildesheim,0
2026-01-31T23-54-35Z,FU,0
2026-01-31T23-54-35Z,Pavia,0
2026-01-31T23-54-35Z,HU,76
2026-01-31T23-54-35Z,Tübingen,26
2026-01-31T23-54-35Z,Tübingen Not Sona,16
2026-01-31T23-54-35Z,Aachen,51
2026-01-31T23-54-35Z,Lüneburg,0
2026-01-31T23-54-35Z,Marburg,65
2026-01-31T23-54-35Z,IPU,0
2026-01-31T23-54-35Z,Erfurt,18
2026-01-31T23-54-35Z,Potsdam,0
2026-01-31T23-54-35Z,Mannheim Kognitive Psychologie,19
2026-01-31T23-54-35Z,Wuppertal,35
2026-01-31T23-54-35Z,Frankfurt Sona,8
2026-01-31T23-54-35Z,Frankfurt Prolific,0
2026-01-31T23-54-35Z,Köln,0
2026-02-01T23-55-17Z,Darmstadt,64
2026-02-01T23-55-17Z,Münster,21
2026-02-01T23-55-17Z,Twente,17
2026-02-01T23-55-17Z,IU,0
2026-02-01T23-55-17Z,IPN,0
2026-02-01T23-55-17Z,Bamberg,17
2026-02-01T23-55-17Z,Leipzig,64
2026-02-01T23-55-17Z,Göttingen,9
2026-02-01T23-55-17Z,Dresden,24
2026-02-01T23-55-17Z,Hildesheim,0
2026-02-01T23-55-17Z,FU,0
2026-02-01T23-55-17Z,Pavia,0
2026-02-01T23-55-17Z,HU,77
2026-02-01T23-55-17Z,Tübingen,28
2026-02-01T23-55-17Z,Tübingen Not Sona,16
2026-02-01T23-55-17Z,Aachen,51
2026-02-01T23-55-17Z,Lüneburg,0
2026-02-01T23-55-17Z,Marburg,65
2026-02-01T23-55-17Z,IPU,0
2026-02-01T23-55-17Z,Erfurt,18
2026-02-01T23-55-17Z,Potsdam,0
2026-02-01T23-55-17Z,Mannheim Kognitive Psychologie,20
2026-02-01T23-55-17Z,Wuppertal,35
2026-02-01T23-55-17Z,Frankfurt Sona,8
2026-02-01T23-55-17Z,Frankfurt Prolific,0
2026-02-01T23-55-17Z,Köln,0
2026-02-02T23-58-38Z,Darmstadt,64
2026-02-02T23-58-38Z,Münster,23
2026-02-02T23-58-38Z,Twente,17
2026-02-02T23-58-38Z,IU,0
2026-02-02T23-58-38Z,IPN,0
2026-02-02T23-58-38Z,Bamberg,17
2026-02-02T23-58-38Z,Leipzig,64
2026-02-02T23-58-38Z,Göttingen,9
2026-02-02T23-58-38Z,Dresden,24
2026-02-02T23-58-38Z,Hildesheim,0
2026-02-02T23-58-38Z,FU,0
2026-02-02T23-58-38Z,Pavia,0
2026-02-02T23-58-38Z,HU,79
2026-02-02T23-58-38Z,Tübingen,32
2026-02-02T23-58-38Z,Tübingen Not Sona,16
2026-02-02T23-58-38Z,Aachen,51
2026-02-02T23-58-38Z,Lüneburg,0
2026-02-02T23-58-38Z,Marburg,65
2026-02-02T23-58-38Z,IPU,0
2026-02-02T23-58-38Z,Erfurt,20
2026-02-02T23-58-38Z,Potsdam,0
2026-02-02T23-58-38Z,Mannheim Kognitive Psychologie,20
2026-02-02T23-58-38Z,Wuppertal,35
2026-02-02T23-58-38Z,Frankfurt Sona,10
2026-02-02T23-58-38Z,Frankfurt Prolific,0
2026-02-02T23-58-38Z,Köln,0
2026-02-03T23-58-04Z,Darmstadt,64
2026-02-03T23-58-04Z,Münster,26
2026-02-03T23-58-04Z,Twente,17
2026-02-03T23-58-04Z,IU,0
2026-02-03T23-58-04Z,IPN,0
2026-02-03T23-58-04Z,Bamberg,17
2026-02-03T23-58-04Z,Leipzig,64
2026-02-03T23-58-04Z,Göttingen,9
2026-02-03T23-58-04Z,Dresden,24
2026-02-03T23-58-04Z,Hildesheim,0
2026-02-03T23-58-04Z,FU,0
2026-02-03T23-58-04Z,Pavia,0
2026-02-03T23-58-04Z,HU,81
2026-02-03T23-58-04Z,Tübingen,41
2026-02-03T23-58-04Z,Tübingen Not Sona,18
2026-02-03T23-58-04Z,Aachen,51
2026-02-03T23-58-04Z,Lüneburg,0
2026-02-03T23-58-04Z,Marburg,65
2026-02-03T23-58-04Z,IPU,0
2026-02-03T23-58-04Z,Erfurt,21
2026-02-03T23-58-04Z,Potsdam,0
2026-02-03T23-58-04Z,Mannheim Kognitive Psychologie,21
2026-02-03T23-58-04Z,Wuppertal,35
2026-02-03T23-58-04Z,Frankfurt Sona,10
2026-02-03T23-58-04Z,Frankfurt Prolific,0
2026-02-03T23-58-04Z,Köln,0
2026-02-04T10-00-00Z,IPU,0
2026-02-04T23-57-44Z,Darmstadt,64
2026-02-04T23-57-44Z,Münster,28
2026-02-04T23-57-44Z,Twente,18
2026-02-04T23-57-44Z,IU,0
2026-02-04T23-57-44Z,IPN,0
2026-02-04T23-57-44Z,Bamberg,17
2026-02-04T23-57-44Z,Leipzig,65
2026-02-04T23-57-44Z,Göttingen,9
2026-02-04T23-57-44Z,Dresden,25
2026-02-04T23-57-44Z,Hildesheim,0
2026-02-04T23-57-44Z,FU,0
2026-02-04T23-57-44Z,Pavia,0
2026-02-04T23-57-44Z,HU,81
2026-02-04T23-57-44Z,Tübingen,43
2026-02-04T23-57-44Z,Tübingen Not Sona,20
2026-02-04T23-57-44Z,Aachen,51
2026-02-04T23-57-44Z,Lüneburg,0
2026-02-04T23-57-44Z,Marburg,65
2026-02-04T23-57-44Z,Erfurt,21
2026-02-04T23-57-44Z,Potsdam,0
2026-02-04T23-57-44Z,Mannheim Kognitive Psychologie,23
2026-02-04T23-57-44Z,Wuppertal,35
2026-02-04T23-57-44Z,Frankfurt Sona,10
2026-02-04T23-57-44Z,Frankfurt Prolific,0
2026-02-04T23-57-44Z,Köln,7
2026-02-04T23-57-44Z,Ipu Sona,0
2026-02-04T23-57-44Z,Ipu Prolific,0
2026-02-05T23-55-24Z,Darmstadt,64
2026-02-05T23-55-24Z,Münster,28
2026-02-05T23-55-24Z,Twente,18
2026-02-05T23-55-24Z,IU,0
2026-02-05T23-55-24Z,IPN,0
2026-02-05T23-55-24Z,Bamberg,17
2026-02-05T23-55-24Z,Leipzig,67
2026-02-05T23-55-24Z,Göttingen,9
2026-02-05T23-55-24Z,Dresden,26
2026-02-05T23-55-24Z,Hildesheim,0
2026-02-05T23-55-24Z,FU,0
2026-02-05T23-55-24Z,Pavia,0
2026-02-05T23-55-24Z,HU,81
2026-02-05T23-55-24Z,Tübingen,47
2026-02-05T23-55-24Z,Tübingen Not Sona,22
2026-02-05T23-55-24Z,Aachen,51
2026-02-05T23-55-24Z,Lüneburg,0
2026-02-05T23-55-24Z,Marburg,65
2026-02-05T23-55-24Z,Ipu Sona,0
2026-02-05T23-55-24Z,Ipu Prolific,0
2026-02-05T23-55-24Z,Erfurt,21
2026-02-05T23-55-24Z,Potsdam,0
2026-02-05T23-55-24Z,Mannheim Kognitive Psychologie,24
2026-02-05T23-55-24Z,Wuppertal,35
2026-02-05T23-55-24Z,Frankfurt Sona,10
2026-02-05T23-55-24Z,Frankfurt Prolific,0
2026-02-05T23-55-24Z,Köln,10
2026-02-06T23-55-39Z,Darmstadt,65
2026-02-06T23-55-39Z,Münster,28
2026-02-06T23-55-39Z,Twente,18
2026-02-06T23-55-39Z,IU,0
2026-02-06T23-55-39Z,IPN,0
2026-02-06T23-55-39Z,Bamberg,17
2026-02-06T23-55-39Z,Leipzig,67
2026-02-06T23-55-39Z,Göttingen,9
2026-02-06T23-55-39Z,Dresden,27
2026-02-06T23-55-39Z,Hildesheim,0
2026-02-06T23-55-39Z,FU,1
2026-02-06T23-55-39Z,Pavia,0
2026-02-06T23-55-39Z,HU,81
2026-02-06T23-55-39Z,Tübingen,48
2026-02-06T23-55-39Z,Tübingen Not Sona,24
2026-02-06T23-55-39Z,Aachen,51
2026-02-06T23-55-39Z,Lüneburg,0
2026-02-06T23-55-39Z,Marburg,65
2026-02-06T23-55-39Z,Ipu Sona,0
2026-02-06T23-55-39Z,Ipu Prolific,0
2026-02-06T23-55-39Z,Erfurt,21
2026-02-06T23-55-39Z,Potsdam,0
2026-02-06T23-55-39Z,Mannheim Kognitive Psychologie,28
2026-02-06T23-55-39Z,Wuppertal,35
2026-02-06T23-55-39Z,Frankfurt Sona,10
2026-02-06T23-55-39Z,Frankfurt Prolific,0
2026-02-06T23-55-39Z,Köln,14
2026-02-07T23-50-34Z,Darmstadt,65
2026-02-07T23-50-34Z,Münster,28
2026-02-07T23-50-34Z,Twente,18
2026-02-07T23-50-34Z,IU,0
2026-02-07T23-50-34Z,IPN,0
2026-02-07T23-50-34Z,Bamberg,17
2026-02-07T23-50-34Z,Leipzig,67
2026-02-07T23-50-34Z,Göttingen,9
2026-02-07T23-50-34Z,Dresden,28
2026-02-07T23-50-34Z,Hildesheim,0
2026-02-07T23-50-34Z,FU,1
2026-02-07T23-50-34Z,Pavia,0
2026-02-07T23-50-34Z,HU,83
2026-02-07T23-50-34Z,Tübingen,48
2026-02-07T23-50-34Z,Tübingen Not Sona,24
2026-02-07T23-50-34Z,Aachen,51
2026-02-07T23-50-34Z,Lüneburg,0
2026-02-07T23-50-34Z,Marburg,65
2026-02-07T23-50-34Z,Ipu Sona,2
2026-02-07T23-50-34Z,Ipu Prolific,0
2026-02-07T23-50-34Z,Erfurt,22
2026-02-07T23-50-34Z,Potsdam,0
2026-02-07T23-50-34Z,Mannheim Kognitive Psychologie,29
2026-02-07T23-50-34Z,Wuppertal,37
2026-02-07T23-50-34Z,Frankfurt Sona,10
2026-02-07T23-50-34Z,Frankfurt Prolific,0
2026-02-07T23-50-34Z,Köln,16
2026-02-08T23-59-03Z,Darmstadt,65
2026-02-08T23-59-03Z,Münster,29
2026-02-08T23-59-03Z,Twente,19
2026-02-08T23-59-03Z,IU,0
2026-02-08T23-59-03Z,IPN,0
2026-02-08T23-59-03Z,Bamberg,17
2026-02-08T23-59-03Z,Leipzig,69
2026-02-08T23-59-03Z,Göttingen,9
2026-02-08T23-59-03Z,Dresden,28
2026-02-08T23-59-03Z,Hildesheim,0
2026-02-08T23-59-03Z,FU,1
2026-02-08T23-59-03Z,Pavia,0
2026-02-08T23-59-03Z,HU,85
2026-02-08T23-59-03Z,Tübingen,51
2026-02-08T23-59-03Z,Tübingen Not Sona,24
2026-02-08T23-59-03Z,Aachen,51
2026-02-08T23-59-03Z,Lüneburg,0
2026-02-08T23-59-03Z,Marburg,65
2026-02-08T23-59-03Z,Ipu Sona,3
2026-02-08T23-59-03Z,Ipu Prolific,0
2026-02-08T23-59-03Z,Erfurt,22
2026-02-08T23-59-03Z,Potsdam,0
2026-02-08T23-59-03Z,Mannheim Kognitive Psychologie,31
2026-02-08T23-59-03Z,Wuppertal,37
2026-02-08T23-59-03Z,Frankfurt Sona,11
2026-02-08T23-59-03Z,Frankfurt Prolific,0
2026-02-08T23-59-03Z,Köln,16
2026-02-09T23-53-05Z,Darmstadt,65
2026-02-09T23-53-05Z,Münster,29
2026-02-09T23-53-05Z,Twente,23
2026-02-09T23-53-05Z,IU,0
2026-02-09T23-53-05Z,IPN,0
2026-02-09T23-53-05Z,Bamberg,17
2026-02-09T23-53-05Z,Leipzig,69
2026-02-09T23-53-05Z,Göttingen,9
2026-02-09T23-53-05Z,Dresden,28
2026-02-09T23-53-05Z,Hildesheim,0
2026-02-09T23-53-05Z,FU,1
2026-02-09T23-53-05Z,Pavia,0
2026-02-09T23-53-05Z,HU,85
2026-02-09T23-53-05Z,Tübingen,53
2026-02-09T23-53-05Z,Tübingen Not Sona,24
2026-02-09T23-53-05Z,Aachen,51
2026-02-09T23-53-05Z,Lüneburg,0
2026-02-09T23-53-05Z,Marburg,65
2026-02-09T23-53-05Z,Ipu Sona,3
2026-02-09T23-53-05Z,Ipu Prolific,0
2026-02-09T23-53-05Z,Erfurt,22
2026-02-09T23-53-05Z,Potsdam,0
2026-02-09T23-53-05Z,Mannheim Kognitive Psychologie,33
2026-02-09T23-53-05Z,Wuppertal,37
2026-02-09T23-53-05Z,Frankfurt Sona,11
2026-02-09T23-53-05Z,Frankfurt Prolific,0
2026-02-09T23-53-05Z,Köln,18
2026-02-10T23-44-43Z,Darmstadt,65
2026-02-10T23-44-43Z,Münster,29
2026-02-10T23-44-43Z,Twente,24
2026-02-10T23-44-43Z,IU,0
2026-02-10T23-44-43Z,IPN,0
2026-02-10T23-44-43Z,Bamberg,17
2026-02-10T23-44-43Z,Leipzig,70
2026-02-10T23-44-43Z,Göttingen,9
2026-02-10T23-44-43Z,Dresden,28
2026-02-10T23-44-43Z,Hildesheim,0
2026-02-10T23-44-43Z,FU,4
2026-02-10T23-44-43Z,Pavia,0
2026-02-10T23-44-43Z,HU,86
2026-02-10T23-44-43Z,Tübingen,55
2026-02-10T23-44-43Z,Tübingen Not Sona,24
2026-02-10T23-44-43Z,Aachen,51
2026-02-10T23-44-43Z,Lüneburg,0
2026-02-10T23-44-43Z,Marburg,65
2026-02-10T23-44-43Z,Ipu Sona,3
2026-02-10T23-44-43Z,Ipu Prolific,0
2026-02-10T23-44-43Z,Erfurt,23
2026-02-10T23-44-43Z,Potsdam,0
2026-02-10T23-44-43Z,Mannheim Kognitive Psychologie,33
2026-02-10T23-44-43Z,Wuppertal,37
2026-02-10T23-44-43Z,Frankfurt Sona,12
2026-02-10T23-44-43Z,Frankfurt Prolific,0
2026-02-10T23-44-43Z,Köln,19
2026-02-11T23-56-38Z,Darmstadt,65
2026-02-11T23-56-38Z,Münster,30
2026-02-11T23-56-38Z,Twente,24
2026-02-11T23-56-38Z,IU,0
2026-02-11T23-56-38Z,IPN,0
2026-02-11T23-56-38Z,Bamberg,17
2026-02-11T23-56-38Z,Leipzig,70
2026-02-11T23-56-38Z,Göttingen,9
2026-02-11T23-56-38Z,Dresden,28
2026-02-11T23-56-38Z,Hildesheim,1
2026-02-11T23-56-38Z,FU,9
2026-02-11T23-56-38Z,Pavia,0
2026-02-11T23-56-38Z,HU,86
2026-02-11T23-56-38Z,Tübingen,60
2026-02-11T23-56-38Z,Tübingen Not Sona,24
2026-02-11T23-56-38Z,Aachen,51
2026-02-11T23-56-38Z,Lüneburg,0
2026-02-11T23-56-38Z,Marburg,65
2026-02-11T23-56-38Z,Ipu Sona,3
2026-02-11T23-56-38Z,Ipu Prolific,0
2026-02-11T23-56-38Z,Erfurt,23
2026-02-11T23-56-38Z,Potsdam,0
2026-02-11T23-56-38Z,Mannheim Kognitive Psychologie,35
2026-02-11T23-56-38Z,Wuppertal,37
2026-02-11T23-56-38Z,Frankfurt Sona,12
2026-02-11T23-56-38Z,Frankfurt Prolific,0
2026-02-11T23-56-38Z,Köln,21
2026-02-12T23-49-44Z,Darmstadt,65
2026-02-12T23-49-44Z,Münster,30
2026-02-12T23-49-44Z,Twente,25
2026-02-12T23-49-44Z,IU,52
2026-02-12T23-49-44Z,IPN,0
2026-02-12T23-49-44Z,Bamberg,17
2026-02-12T23-49-44Z,Leipzig,71
2026-02-12T23-49-44Z,Göttingen,9
2026-02-12T23-49-44Z,Dresden,28
2026-02-12T23-49-44Z,Hildesheim,1
2026-02-12T23-49-44Z,FU,11
2026-02-12T23-49-44Z,Pavia,0
2026-02-12T23-49-44Z,HU,86
2026-02-12T23-49-44Z,Tübingen,61
2026-02-12T23-49-44Z,Tübingen Not Sona,25
2026-02-12T23-49-44Z,Aachen,51
2026-02-12T23-49-44Z,Lüneburg,0
2026-02-12T23-49-44Z,Marburg,65
2026-02-12T23-49-44Z,Ipu Sona,3
2026-02-12T23-49-44Z,Ipu Prolific,0
2026-02-12T23-49-44Z,Erfurt,23
2026-02-12T23-49-44Z,Potsdam,0
2026-02-12T23-49-44Z,Mannheim Kognitive Psychologie,35
2026-02-12T23-49-44Z,Wuppertal,38
2026-02-12T23-49-44Z,Frankfurt Sona,12
2026-02-12T23-49-44Z,Frankfurt Prolific,0
2026-02-12T23-49-44Z,Köln,22
2026-02-13T23-59-22Z,Darmstadt,65
2026-02-13T23-59-22Z,Münster,30
2026-02-13T23-59-22Z,Twente,25
2026-02-13T23-59-22Z,IU,75
2026-02-13T23-59-22Z,IPN,0
2026-02-13T23-59-22Z,Bamberg,17
2026-02-13T23-59-22Z,Leipzig,71
2026-02-13T23-59-22Z,Göttingen,9
2026-02-13T23-59-22Z,Dresden,28
2026-02-13T23-59-22Z,Hildesheim,1
2026-02-13T23-59-22Z,FU,13
2026-02-13T23-59-22Z,Pavia,0
2026-02-13T23-59-22Z,HU,86
2026-02-13T23-59-22Z,Tübingen,62
2026-02-13T23-59-22Z,Tübingen Not Sona,26
2026-02-13T23-59-22Z,Aachen,51
2026-02-13T23-59-22Z,Lüneburg,0
2026-02-13T23-59-22Z,Marburg,65
2026-02-13T23-59-22Z,Ipu Sona,4
2026-02-13T23-59-22Z,Ipu Prolific,0
2026-02-13T23-59-22Z,Erfurt,23
2026-02-13T23-59-22Z,Potsdam,0
2026-02-13T23-59-22Z,Mannheim Kognitive Psychologie,37
2026-02-13T23-59-22Z,Wuppertal,38
2026-02-13T23-59-22Z,Frankfurt Sona,13
2026-02-13T23-59-22Z,Frankfurt Prolific,0
2026-02-13T23-59-22Z,Köln,22
2026-02-14T23-55-45Z,Darmstadt,65
2026-02-14T23-55-45Z,Münster,30
2026-02-14T23-55-45Z,Twente,25
2026-02-14T23-55-45Z,IU,92
2026-02-14T23-55-45Z,IPN,0
2026-02-14T23-55-45Z,Bamberg,17
2026-02-14T23-55-45Z,Leipzig,72
2026-02-14T23-55-45Z,Göttingen,9
2026-02-14T23-55-45Z,Dresden,28
2026-02-14T23-55-45Z,Hildesheim,1
2026-02-14T23-55-45Z,FU,14
2026-02-14T23-55-45Z,Pavia,0
2026-02-14T23-55-45Z,HU,86
2026-02-14T23-55-45Z,Tübingen,66
2026-02-14T23-55-45Z,Tübingen Not Sona,26
2026-02-14T23-55-45Z,Aachen,51
2026-02-14T23-55-45Z,Lüneburg,0
2026-02-14T23-55-45Z,Marburg,65
2026-02-14T23-55-45Z,Ipu Sona,5
2026-02-14T23-55-45Z,Ipu Prolific,0
2026-02-14T23-55-45Z,Erfurt,24
2026-02-14T23-55-45Z,Potsdam,0
2026-02-14T23-55-45Z,Mannheim Kognitive Psychologie,39
2026-02-14T23-55-45Z,Wuppertal,38
2026-02-14T23-55-45Z,Frankfurt Sona,13
2026-02-14T23-55-45Z,Frankfurt Prolific,0
2026-02-14T23-55-45Z,Köln,22
2026-02-15T19-08-28Z,Darmstadt,65
2026-02-15T19-08-28Z,Münster,30
2026-02-15T19-08-28Z,Twente,25
2026-02-15T19-08-28Z,IU,114
2026-02-15T19-08-28Z,IPN,0
2026-02-15T19-08-28Z,Bamberg,17
2026-02-15T19-08-28Z,Leipzig,72
2026-02-15T19-08-28Z,Göttingen,9
2026-02-15T19-08-28Z,Dresden,28
2026-02-15T19-08-28Z,Hildesheim,1
2026-02-15T19-08-28Z,FU,18
2026-02-15T19-08-28Z,Pavia,0
2026-02-15T19-08-28Z,HU,86
2026-02-15T19-08-28Z,Tübingen,66
2026-02-15T19-08-28Z,Tübingen Not Sona,27
2026-02-15T19-08-28Z,Aachen,51
2026-02-15T19-08-28Z,Lüneburg,0
2026-02-15T19-08-28Z,Marburg,65
2026-02-15T19-08-28Z,Ipu Sona,5
2026-02-15T19-08-28Z,Ipu Prolific,0
2026-02-15T19-08-28Z,Erfurt,24
2026-02-15T19-08-28Z,Potsdam,0
2026-02-15T19-08-28Z,Mannheim Kognitive Psychologie,40
2026-02-15T19-08-28Z,Wuppertal,39
2026-02-15T19-08-28Z,Frankfurt Sona,14
2026-02-15T19-08-28Z,Frankfurt Prolific,0
2026-02-15T19-08-28Z,Köln,22
